run_name,min_eval_loss,hidden_size,attention_probs_dropout_prob,hidden_dropout_prob,intermediate_size,num_attention_heads,num_hidden_layers,learning_rate,per_device_train_batch_size,pretraining_task
run_38,0.28609582781791687,126,0.109,0.279,456,3,2,2.0809594829866993e-05,25,10M-MTR
run_39,0.20458441972732544,209,0.176,0.128,3968,11,3,1.5532792068847015e-06,25,10M-MTR
run_45,0.04670223966240883,384,0.109,0.144,464,12,3,0.00014081151471433308,25,10M-MTR
run_1,0.13616935908794403,407,0.156,0.295,9044,11,2,5.198644030239773e-06,25,10M-MTR
run_0,0.0747794434428215,264,0.224,0.122,4888,8,3,0.0003956806832342851,25,10M-MTR
