run_name,min_eval_loss,hidden_size,attention_probs_dropout_prob,hidden_dropout_prob,intermediate_size,num_attention_heads,num_hidden_layers,learning_rate,pretraining_task
run_19,0.16891349852085114,57,0.129,0.139,10476,3,5,5.778969155345522e-05,77M-MLM
run_11,0.5787794589996338,112,0.118,0.183,4844,8,5,1.653224652227841e-06,77M-MLM
run_39,0.4217498302459717,209,0.176,0.128,3968,11,3,1.5532792068847015e-06,77M-MLM
run_38,0.38678547739982605,126,0.109,0.279,456,3,2,2.0809594829866993e-05,77M-MLM
run_45,0.13637402653694153,384,0.109,0.144,464,12,3,0.00014081151471433308,77M-MLM
